segment,n,c10c_rps,c10d_rps,c10c_acc,c10d_acc,gain_vs_c10c
2022-23 (Val 1),380,0.1696,0.1678,60.26% (229),60.53% (230),+1 pick
2023-24 (Val 2),380,0.1701,0.1684,58.95% (224),59.47% (226),+2 picks
2024-25 (Test 1),380,0.168,0.1662,60.79% (231),61.05% (232),+1 pick
2025-26 (Test 2),380,0.1675,0.1656,61.32% (233),61.84% (235),+2 picks
GW1-GW5,200,0.1712,0.1692,59.50%,60.00%,+1 pick
GW6-GW10,200,0.1695,0.1675,60.00%,60.50%,+1 pick
GW11-GW19,360,0.1684,0.1665,60.56%,60.83%,+1 pick
GW20-GW38,760,0.1678,0.166,60.66%,61.05%,+3 picks
TOTAL STRICT OOS,1520,0.1688,0.167,60.33% (917),60.72% (923),"+6 picks (+12 vs C10B, +23 vs C9)"
